Campaign,Ad Group,Keyword,Match Type,Status
Diseño de Sonrisa - Chico,Diseño de Sonrisa - Bogotá,diseño de sonrisa bogota,Exact,Enabled
Diseño de Sonrisa - Chico,Diseño de Sonrisa - Bogotá,diseño de sonrisa bogotá,Exact,Enabled
Diseño de Sonrisa - Chico,Diseño de Sonrisa - Bogotá,diseño de sonrisa bogotá,Phrase,Enabled
Diseño de Sonrisa - Chico,Diseño de Sonrisa - Bogotá,diseño de sonrisa en bogota,Exact,Enabled
Diseño de Sonrisa - Chico,Diseño de Sonrisa - Bogotá,diseño de sonrisa chapinero,Exact,Enabled
Diseño de Sonrisa - Chico,Diseño de Sonrisa - Bogotá,diseño de sonrisa chico,Exact,Enabled
Diseño de Sonrisa - Chico,Diseño de Sonrisa - Bogotá,odontologo diseño de sonrisa bogota,Phrase,Enabled
Diseño de Sonrisa - Chico,Diseño de Sonrisa - General,diseño de sonrisa,Phrase,Enabled
Diseño de Sonrisa - Chico,Diseño de Sonrisa - General,diseño de sonrisa,Exact,Enabled
Diseño de Sonrisa - Chico,Diseño de Sonrisa - General,microdiseño de sonrisa,Phrase,Enabled
Diseño de Sonrisa - Chico,Diseño de Sonrisa - General,diseño de sonrisa digital,Phrase,Enabled
Diseño de Sonrisa - Chico,Carillas,carillas de porcelana,Phrase,Enabled
Diseño de Sonrisa - Chico,Carillas,carillas de porcelana bogota,Exact,Enabled
Diseño de Sonrisa - Chico,Carillas,carillas dentales bogota,Phrase,Enabled
Diseño de Sonrisa - Chico,Carillas,carillas dentales,Exact,Enabled
Diseño de Sonrisa - Chico,Carillas,carillas dentales bogotá,Exact,Enabled
